Model,Clean AUC,Accuracy,Negative log likelihood,Brier score,Expected calibration error
Non-affective KT baseline,0.719360 ± 0.000888,0.685624 ± 0.000683,0.589786 ± 0.000618,0.202310 ± 0.000260,0.009530 ± 0.001922
Original affective KT model,0.843228 ± 0.000604,0.771120 ± 0.001173,0.477402 ± 0.001982,0.155724 ± 0.000760,0.031912 ± 0.004353
Affect masking training,0.841047 ± 0.000050,0.769054 ± 0.000502,0.477335 ± 0.000596,0.156534 ± 0.000127,0.028218 ± 0.002338
Stability training,0.844509 ± 0.000439,0.772363 ± 0.001065,0.474086 ± 0.001314,0.154847 ± 0.000544,0.028605 ± 0.003445
Combined robust training,0.841455 ± 0.000557,0.769449 ± 0.000510,0.475817 ± 0.000927,0.156221 ± 0.000290,0.025469 ± 0.001767
