模型,正常 AUC,准确率,负对数似然,Brier 分数,期望校准误差
经典知识追踪模型,0.719360 ± 0.000888,0.685624 ± 0.000683,0.589786 ± 0.000618,0.202310 ± 0.000260,0.009530 ± 0.001922
原始情绪知识追踪模型,0.843228 ± 0.000604,0.771120 ± 0.001173,0.477402 ± 0.001982,0.155724 ± 0.000760,0.031912 ± 0.004353
输入遮蔽训练对照,0.841047 ± 0.000050,0.769054 ± 0.000502,0.477335 ± 0.000596,0.156534 ± 0.000127,0.028218 ± 0.002338
情绪稳定训练模型（建议主方法）,0.844509 ± 0.000439,0.772363 ± 0.001065,0.474086 ± 0.001314,0.154847 ± 0.000544,0.028605 ± 0.003445
组合鲁棒训练模型（增强方案）,0.841455 ± 0.000557,0.769421 ± 0.000508,0.475780 ± 0.000938,0.156154 ± 0.000326,0.025505 ± 0.001795
