Model,Clean AUC,Maximum AUC drop,Robust score
Original affective KT model,0.843228 ± 0.000604,0.162636 ± 0.009772,0.680592 ± 0.010331
Affect masking training,0.841047 ± 0.000050,0.099598 ± 0.000906,0.741450 ± 0.000858
Stability training,0.844509 ± 0.000439,0.079296 ± 0.002754,0.765213 ± 0.003169
Combined robust training,0.841455 ± 0.000557,0.060253 ± 0.000787,0.781202 ± 0.001267
